api,query,avg_time,avg_size
GraphQL,Simple,12.24169156551361,11891.0
GraphQL,Complex,16.634850430488587,75958.0
Rest,Simple,10.465162563323975,5513446.0
Rest,Complex,21.897834849357604,804088.0
