api,query,avg_time,avg_size
GraphQL,Simple,11.12107856273651,11891.0
GraphQL,Complex,14.495815229415893,79644.0
REST,Simple,10.289740777015686,5502920.0
REST,Complex,21.332297205924988,857585.0
